{"cameraMode":{"drawMode":0,"name":"Shaded","section":"Shading Mode"},"sceneLighting":true,"audioPlay":false,"sceneViewState":{"m_AlwaysRefresh":false,"showFog":true,"showSkybox":true,"showFlares":true,"showImageEffects":true,"showParticleSystems":true,"showVisualEffectGraphs":true,"m_FxEnabled":true},"in2DMode":false,"pivot":{"x":-0.039999961853027347,"y":3.0900001525878908,"z":-6.600000381469727},"rotation":{"x":0.04417082667350769,"y":-0.6940292716026306,"z":0.04273670166730881,"w":0.7173186540603638},"size":12.12435531616211,"orthographic":true}