{"cameraMode":{"drawMode":0,"name":"Shaded","section":"Shading Mode"},"sceneLighting":false,"audioPlay":false,"sceneViewState":{"m_AlwaysRefresh":false,"showFog":true,"showSkybox":false,"showFlares":true,"showImageEffects":true,"showParticleSystems":true,"showVisualEffectGraphs":true,"m_FxEnabled":true},"in2DMode":false,"pivot":{"x":5.960464477539063e-8,"y":0.9233397245407105,"z":11.736215591430664},"rotation":{"x":0.027977164834737779,"y":-0.42392730712890627,"z":0.013102195225656033,"w":0.9051705598831177},"size":1.7775006294250489,"orthographic":true}